<?xml version="1.0" encoding="UTF-8"?>

<channel name="xfce4-panel" version="1.0">
  <property name="panels" type="uint" value="1">
    <property name="panel-0" type="empty">
      <property name="position" type="string" value="p=8;x=720;y=884"/>
      <property name="length" type="uint" value="100"/>
      <property name="position-locked" type="bool" value="true"/>
      <property name="plugin-ids" type="array">
        <value type="int" value="8"/>
        <value type="int" value="3"/>
        <value type="int" value="7"/>
        <value type="int" value="1"/>
        <value type="int" value="4"/>
        <value type="int" value="6"/>
        <value type="int" value="9"/>
        <value type="int" value="5"/>
        <value type="int" value="2"/>
      </property>
      <property name="role" type="string" value="xfce4-panel-12965750720"/>
      <property name="length-adjust" type="bool" value="true"/>
      <property name="background-style" type="uint" value="0"/>
      <property name="size" type="uint" value="27"/>
      <property name="mode" type="uint" value="0"/>
      <property name="autohide-behavior" type="uint" value="0"/>
    </property>
  </property>
  <property name="plugins" type="empty">
    <property name="plugin-2" type="string" value="actions">
      <property name="appearance" type="uint" value="0"/>
      <property name="invert-orientation" type="bool" value="false"/>
      <property name="items" type="array">
        <value type="string" value="-logout-dialog"/>
        <value type="string" value="-switch-user"/>
        <value type="string" value="-separator"/>
        <value type="string" value="+logout"/>
        <value type="string" value="-lock-screen"/>
        <value type="string" value="-hibernate"/>
        <value type="string" value="-suspend"/>
        <value type="string" value="-restart"/>
        <value type="string" value="-shutdown"/>
      </property>
    </property>
    <property name="plugin-4" type="string" value="pager"/>
    <property name="plugin-6" type="string" value="systray">
      <property name="names-visible" type="array">
        <value type="string" value="pnmixer"/>
        <value type="string" value="networkmanager applet"/>
        <value type="string" value="orage"/>
        <value type="string" value="pamac-tray"/>
        <value type="string" value="blueman-applet"/>
        <value type="string" value="clipman"/>
        <value type="string" value="xfce4-power-manager"/>
        <value type="string" value="miniaplicació networkmanager"/>
        <value type="string" value="xnoise"/>
      </property>
    </property>
    <property name="plugin-3" type="string" value="tasklist">
      <property name="grouping" type="uint" value="1"/>
    </property>
    <property name="plugin-7" type="string" value="separator">
      <property name="expand" type="bool" value="true"/>
      <property name="style" type="uint" value="1"/>
    </property>
    <property name="plugin-9" type="string" value="pulseaudio">
      <property name="enable-keyboard-shortcuts" type="bool" value="true"/>
    </property>
    <property name="plugin-8" type="string" value="whiskermenu"/>
    <property name="plugin-5" type="string" value="clock">
      <property name="mode" type="uint" value="2"/>
    </property>
    <property name="plugin-1" type="string" value="showdesktop"/>
  </property>
  <property name="configver" type="int" value="2"/>
</channel>
