<?xml version="1.0" encoding="UTF-8"?>

<channel name="xfce4-desktop" version="1.0">
  <property name="backdrop" type="empty">
    <property name="screen0" type="empty">
      <property name="monitor0" type="empty">
        <property name="image-path" type="string" value="/usr/share/antergos/wallpapers"/>
        <property name="last-image" type="string" value="/usr/share/antergos/wallpapers/antergos-wallpaper.png"/>
        <property name="last-single-image" type="string" value="/usr/share/antergos/wallpapers/antergos-wallpaper.png"/>
        <property name="image-style" type="int" value="5"/>
        <property name="workspace0" type="empty">
          <property name="color-style" type="int" value="0"/>
          <property name="image-style" type="int" value="5"/>
          <property name="last-image" type="string" value="/usr/share/antergos/wallpapers/antergos-wallpaper.png"/>
        </property>
        <property name="workspace1" type="empty">
          <property name="color-style" type="int" value="0"/>
          <property name="image-style" type="int" value="5"/>
          <property name="last-image" type="string" value="/usr/share/antergos/wallpapers/antergos-wallpaper.png"/>
        </property>
      </property>
    </property>
  </property>
  <property name="desktop-icons" type="empty">
    <property name="style" type="int" value="2"/>
    <property name="center-text" type="bool" value="false"/>
    <property name="file-icons" type="empty">
      <property name="show-removable" type="bool" value="false"/>
    </property>
    <property name="icon-size" type="uint" value="32"/>
  </property>
  <property name="last" type="empty">
    <property name="window-width" type="int" value="686"/>
    <property name="window-height" type="int" value="548"/>
  </property>
</channel>
