<?xml version="1.0" encoding="UTF-8"?>
<gresources>
    <gresource prefix="/com/antergos/Lembrame/js">
        <file>main.js</file>
        <file>params.js</file>
        <file>util.js</file>
        <file>window.js</file>
        <file>mainView.js</file>
        <file>upload.js</file>
        <file>task.js</file>
        <file>tasks/run.js</file>
        <file>tasks/displayManager.js</file>
        <file>tasks/background.js</file>
        <file>tasks/screensaver.js</file>
        <file>tasks/bashrc.js</file>
        <file>tasks/gnomeShell.js</file>
        <file>tasks/pacman.js</file>
        <file>tasks/gnomeShellTheme.js</file>
        <file>tasks/gtkTheme.js</file>
        <file>tasks/iconsTheme.js</file>
    </gresource>
</gresources>
