{
	"id": "nodebb-plugin-sso-auth0",
	"name": "NodeBB Auth0 SSO",
	"description": "NodeBB Plugin that allows users to login/register via Auth0.",
	"url": "https://github.com/antergos/nodebb-plugin-sso-auth0",
	"library": "./library.js",
	"hooks": [
		{ "hook": "static:app.load", "method": "init" },
		{ "hook": "filter:auth.init", "method": "getStrategy" },
		{ "hook": "filter:auth.list", "method": "getAssociation" },
		{ "hook": "filter:admin.header.build", "method": "addMenuItem" },
		{ "hook": "static:user.delete", "method": "deleteUserData" },
		{ "hook": "filter:register.check", "method": "noLoginAfterRegister" },
		{ "hook": "filter:user.whitelistFields", "method": "whitelistUserFields" }
	],
	"staticDirs": {
		"static": "./static"
	},
	"templates": "./templates",
	"scripts": [
		"static/lib/main.js"
	],
	"acpScripts": [
		"static/lib/admin.js"
	]
}
