<?xml version='1.0' encoding='UTF-8'?>
<gresources>
	<gresource prefix='/org/numixproject/frost'>
		<file preprocess='to-pixdata'>assets/checkbox-checked-dark.png</file>
		<file preprocess='to-pixdata'>assets/checkbox-checked-dark@2.png</file>
		<file preprocess='to-pixdata'>assets/checkbox-checked-insensitive-dark.png</file>
		<file preprocess='to-pixdata'>assets/checkbox-checked-insensitive-dark@2.png</file>
		<file preprocess='to-pixdata'>assets/checkbox-checked-insensitive.png</file>
		<file preprocess='to-pixdata'>assets/checkbox-checked-insensitive@2.png</file>
		<file preprocess='to-pixdata'>assets/checkbox-checked.png</file>
		<file preprocess='to-pixdata'>assets/checkbox-checked@2.png</file>
		<file preprocess='to-pixdata'>assets/checkbox-mixed-dark.png</file>
		<file preprocess='to-pixdata'>assets/checkbox-mixed-dark@2.png</file>
		<file preprocess='to-pixdata'>assets/checkbox-mixed-insensitive-dark.png</file>
		<file preprocess='to-pixdata'>assets/checkbox-mixed-insensitive-dark@2.png</file>
		<file preprocess='to-pixdata'>assets/checkbox-mixed-insensitive.png</file>
		<file preprocess='to-pixdata'>assets/checkbox-mixed-insensitive@2.png</file>
		<file preprocess='to-pixdata'>assets/checkbox-mixed.png</file>
		<file preprocess='to-pixdata'>assets/checkbox-mixed@2.png</file>
		<file preprocess='to-pixdata'>assets/checkbox-unchecked-dark.png</file>
		<file preprocess='to-pixdata'>assets/checkbox-unchecked-dark@2.png</file>
		<file preprocess='to-pixdata'>assets/checkbox-unchecked-insensitive-dark.png</file>
		<file preprocess='to-pixdata'>assets/checkbox-unchecked-insensitive-dark@2.png</file>
		<file preprocess='to-pixdata'>assets/checkbox-unchecked-insensitive.png</file>
		<file preprocess='to-pixdata'>assets/checkbox-unchecked-insensitive@2.png</file>
		<file preprocess='to-pixdata'>assets/checkbox-unchecked.png</file>
		<file preprocess='to-pixdata'>assets/checkbox-unchecked@2.png</file>
		<file preprocess='to-pixdata'>assets/grid-selection-checked-dark.png</file>
		<file preprocess='to-pixdata'>assets/grid-selection-checked-dark@2.png</file>
		<file preprocess='to-pixdata'>assets/grid-selection-checked.png</file>
		<file preprocess='to-pixdata'>assets/grid-selection-checked@2.png</file>
		<file preprocess='to-pixdata'>assets/grid-selection-unchecked-dark.png</file>
		<file preprocess='to-pixdata'>assets/grid-selection-unchecked-dark@2.png</file>
		<file preprocess='to-pixdata'>assets/grid-selection-unchecked.png</file>
		<file preprocess='to-pixdata'>assets/grid-selection-unchecked@2.png</file>
		<file preprocess='to-pixdata'>assets/menuitem-checkbox-checked-hover.png</file>
		<file preprocess='to-pixdata'>assets/menuitem-checkbox-checked-hover@2.png</file>
		<file preprocess='to-pixdata'>assets/menuitem-checkbox-checked-insensitive.png</file>
		<file preprocess='to-pixdata'>assets/menuitem-checkbox-checked-insensitive@2.png</file>
		<file preprocess='to-pixdata'>assets/menuitem-checkbox-checked.png</file>
		<file preprocess='to-pixdata'>assets/menuitem-checkbox-checked@2.png</file>
		<file preprocess='to-pixdata'>assets/menuitem-checkbox-mixed-hover.png</file>
		<file preprocess='to-pixdata'>assets/menuitem-checkbox-mixed-hover@2.png</file>
		<file preprocess='to-pixdata'>assets/menuitem-checkbox-mixed-insensitive.png</file>
		<file preprocess='to-pixdata'>assets/menuitem-checkbox-mixed-insensitive@2.png</file>
		<file preprocess='to-pixdata'>assets/menuitem-checkbox-mixed.png</file>
		<file preprocess='to-pixdata'>assets/menuitem-checkbox-mixed@2.png</file>
		<file preprocess='to-pixdata'>assets/menuitem-radio-checked-hover.png</file>
		<file preprocess='to-pixdata'>assets/menuitem-radio-checked-hover@2.png</file>
		<file preprocess='to-pixdata'>assets/menuitem-radio-checked-insensitive.png</file>
		<file preprocess='to-pixdata'>assets/menuitem-radio-checked-insensitive@2.png</file>
		<file preprocess='to-pixdata'>assets/menuitem-radio-checked.png</file>
		<file preprocess='to-pixdata'>assets/menuitem-radio-checked@2.png</file>
		<file preprocess='to-pixdata'>assets/pane-handle.png</file>
		<file preprocess='to-pixdata'>assets/pane-handle@2.png</file>
		<file preprocess='to-pixdata'>assets/radio-checked-dark.png</file>
		<file preprocess='to-pixdata'>assets/radio-checked-dark@2.png</file>
		<file preprocess='to-pixdata'>assets/radio-checked-insensitive-dark.png</file>
		<file preprocess='to-pixdata'>assets/radio-checked-insensitive-dark@2.png</file>
		<file preprocess='to-pixdata'>assets/radio-checked-insensitive.png</file>
		<file preprocess='to-pixdata'>assets/radio-checked-insensitive@2.png</file>
		<file preprocess='to-pixdata'>assets/radio-checked.png</file>
		<file preprocess='to-pixdata'>assets/radio-checked@2.png</file>
		<file preprocess='to-pixdata'>assets/radio-mixed-dark.png</file>
		<file preprocess='to-pixdata'>assets/radio-mixed-dark@2.png</file>
		<file preprocess='to-pixdata'>assets/radio-mixed-insensitive-dark.png</file>
		<file preprocess='to-pixdata'>assets/radio-mixed-insensitive-dark@2.png</file>
		<file preprocess='to-pixdata'>assets/radio-mixed-insensitive.png</file>
		<file preprocess='to-pixdata'>assets/radio-mixed-insensitive@2.png</file>
		<file preprocess='to-pixdata'>assets/radio-mixed.png</file>
		<file preprocess='to-pixdata'>assets/radio-mixed@2.png</file>
		<file preprocess='to-pixdata'>assets/radio-unchecked-dark.png</file>
		<file preprocess='to-pixdata'>assets/radio-unchecked-dark@2.png</file>
		<file preprocess='to-pixdata'>assets/radio-unchecked-insensitive-dark.png</file>
		<file preprocess='to-pixdata'>assets/radio-unchecked-insensitive-dark@2.png</file>
		<file preprocess='to-pixdata'>assets/radio-unchecked-insensitive.png</file>
		<file preprocess='to-pixdata'>assets/radio-unchecked-insensitive@2.png</file>
		<file preprocess='to-pixdata'>assets/radio-unchecked.png</file>
		<file preprocess='to-pixdata'>assets/radio-unchecked@2.png</file>
		<file preprocess='to-pixdata'>assets/cinnamon/add-workspace-bg.svg</file>
		<file preprocess='to-pixdata'>assets/cinnamon/animation.svg</file>
		<file preprocess='to-pixdata'>assets/cinnamon/auto-close.svg</file>
		<file preprocess='to-pixdata'>assets/cinnamon/auto-tile-1.svg</file>
		<file preprocess='to-pixdata'>assets/cinnamon/auto-tile-2.svg</file>
		<file preprocess='to-pixdata'>assets/cinnamon/buttonbox-bg.svg</file>
		<file preprocess='to-pixdata'>assets/cinnamon/button-insensitive.svg</file>
		<file preprocess='to-pixdata'>assets/cinnamon/button-orange-hover.svg</file>
		<file preprocess='to-pixdata'>assets/cinnamon/button-orange-pressed.svg</file>
		<file preprocess='to-pixdata'>assets/cinnamon/button-orange.svg</file>
		<file preprocess='to-pixdata'>assets/cinnamon/button-primary-hover.svg</file>
		<file preprocess='to-pixdata'>assets/cinnamon/button-primary-pressed.svg</file>
		<file preprocess='to-pixdata'>assets/cinnamon/button-primary.svg</file>
		<file preprocess='to-pixdata'>assets/cinnamon/calendar-arrow-left-hover.svg</file>
		<file preprocess='to-pixdata'>assets/cinnamon/calendar-arrow-left.svg</file>
		<file preprocess='to-pixdata'>assets/cinnamon/calendar-arrow-right-hover.svg</file>
		<file preprocess='to-pixdata'>assets/cinnamon/calendar-arrow-right.svg</file>
		<file preprocess='to-pixdata'>assets/cinnamon/calendar-nonwork-day.svg</file>
		<file preprocess='to-pixdata'>assets/cinnamon/calendar-other-month-day.svg</file>
		<file preprocess='to-pixdata'>assets/cinnamon/calendar-today.svg</file>
		<file preprocess='to-pixdata'>assets/cinnamon/calendar-work-day.svg</file>
		<file preprocess='to-pixdata'>assets/cinnamon/close-2.svg</file>
		<file preprocess='to-pixdata'>assets/cinnamon/close.svg</file>
		<file preprocess='to-pixdata'>assets/cinnamon/corner-ripple.svg</file>
		<file preprocess='to-pixdata'>assets/cinnamon/dark-bg-bottom.svg</file>
		<file preprocess='to-pixdata'>assets/cinnamon/dark-bg-marked-blue.svg</file>
		<file preprocess='to-pixdata'>assets/cinnamon/dark-bg-marked-green.svg</file>
		<file preprocess='to-pixdata'>assets/cinnamon/dark-bg-marked-orange.svg</file>
		<file preprocess='to-pixdata'>assets/cinnamon/dark-bg.svg</file>
		<file preprocess='to-pixdata'>assets/cinnamon/dark-bg-top.svg</file>
		<file preprocess='to-pixdata'>assets/cinnamon/desklet-body.svg</file>
		<file preprocess='to-pixdata'>assets/cinnamon/desklet-header.svg</file>
		<file preprocess='to-pixdata'>assets/cinnamon/DND-panel-bottom-center.svg</file>
		<file preprocess='to-pixdata'>assets/cinnamon/DND-panel-bottom-left.svg</file>
		<file preprocess='to-pixdata'>assets/cinnamon/DND-panel-bottom-right.svg</file>
		<file preprocess='to-pixdata'>assets/cinnamon/DND-panel-top-center.svg</file>
		<file preprocess='to-pixdata'>assets/cinnamon/DND-panel-top-left.svg</file>
		<file preprocess='to-pixdata'>assets/cinnamon/DND-panel-top-right.svg</file>
		<file preprocess='to-pixdata'>assets/cinnamon/entry-focused.svg</file>
		<file preprocess='to-pixdata'>assets/cinnamon/entry.svg</file>
		<file preprocess='to-pixdata'>assets/cinnamon/highlighted-mirrored.svg</file>
		<file preprocess='to-pixdata'>assets/cinnamon/highlighted.svg</file>
		<file preprocess='to-pixdata'>assets/cinnamon/hotcorner-icon-hover.svg</file>
		<file preprocess='to-pixdata'>assets/cinnamon/hotcorner-icon.svg</file>
		<file preprocess='to-pixdata'>assets/cinnamon/hover.svg</file>
		<file preprocess='to-pixdata'>assets/cinnamon/keyboard-bg.svg</file>
		<file preprocess='to-pixdata'>assets/cinnamon/linked-button-left-checked.svg</file>
		<file preprocess='to-pixdata'>assets/cinnamon/linked-button-left-hover.svg</file>
		<file preprocess='to-pixdata'>assets/cinnamon/linked-button-left-pressed.svg</file>
		<file preprocess='to-pixdata'>assets/cinnamon/linked-button-left.svg</file>
		<file preprocess='to-pixdata'>assets/cinnamon/linked-button-middle-checked.svg</file>
		<file preprocess='to-pixdata'>assets/cinnamon/linked-button-middle-hover.svg</file>
		<file preprocess='to-pixdata'>assets/cinnamon/linked-button-middle-pressed.svg</file>
		<file preprocess='to-pixdata'>assets/cinnamon/linked-button-middle.svg</file>
		<file preprocess='to-pixdata'>assets/cinnamon/linked-button-right-checked.svg</file>
		<file preprocess='to-pixdata'>assets/cinnamon/linked-button-right-hover.svg</file>
		<file preprocess='to-pixdata'>assets/cinnamon/linked-button-right-pressed.svg</file>
		<file preprocess='to-pixdata'>assets/cinnamon/linked-button-right.svg</file>
		<file preprocess='to-pixdata'>assets/cinnamon/plus-hover.svg</file>
		<file preprocess='to-pixdata'>assets/cinnamon/plus.svg</file>
		<file preprocess='to-pixdata'>assets/cinnamon/scroll-handle-hover.svg</file>
		<file preprocess='to-pixdata'>assets/cinnamon/scroll-handle.svg</file>
		<file preprocess='to-pixdata'>assets/cinnamon/separator-vertical.svg</file>
		<file preprocess='to-pixdata'>assets/cinnamon/slider--submenu.svg</file>
		<file preprocess='to-pixdata'>assets/cinnamon/slider.svg</file>
		<file preprocess='to-pixdata'>assets/cinnamon/sound-applet-album-overlay.svg</file>
		<file preprocess='to-pixdata'>assets/cinnamon/submenu-bg.svg</file>
		<file preprocess='to-pixdata'>assets/cinnamon/tooltip.svg</file>
		<file preprocess='to-pixdata'>assets/cinnamon/tooltip--window-app-grouping.svg</file>
		<file preprocess='to-pixdata'>assets/cinnamon/trash.svg</file>
		<file preprocess='to-pixdata'>assets/cinnamon/window-name-focused.svg</file>
		<file preprocess='to-pixdata'>assets/cinnamon/window-name.svg</file>
		<file preprocess='to-pixdata'>assets/cinnamon/workspace-close-area-bg.svg</file>
		<file preprocess='to-pixdata'>assets/cinnamon/workspace-name-focused.svg</file>
		<file preprocess='to-pixdata'>assets/cinnamon/workspace-name-pressed.svg</file>
		<file preprocess='to-pixdata'>assets/cinnamon/workspace-name.svg</file>
		<file preprocess='to-pixdata'>assets/cinnamon/workspace-shadow.svg</file>
		<file preprocess='to-pixdata'>assets/gnome-shell/calendar-arrow-left-hover.svg</file>
		<file preprocess='to-pixdata'>assets/gnome-shell/calendar-arrow-left.svg</file>
		<file preprocess='to-pixdata'>assets/gnome-shell/calendar-arrow-right-hover.svg</file>
		<file preprocess='to-pixdata'>assets/gnome-shell/calendar-arrow-right.svg</file>
		<file preprocess='to-pixdata'>assets/gnome-shell/calendar-today.svg</file>
		<file preprocess='to-pixdata'>assets/gnome-shell/checkbox-focused.svg</file>
		<file preprocess='to-pixdata'>assets/gnome-shell/checkbox-off-focused.svg</file>
		<file preprocess='to-pixdata'>assets/gnome-shell/checkbox-off.svg</file>
		<file preprocess='to-pixdata'>assets/gnome-shell/checkbox.svg</file>
		<file preprocess='to-pixdata'>assets/gnome-shell/close-window.svg</file>
		<file preprocess='to-pixdata'>assets/gnome-shell/corner-ripple-ltr.png</file>
		<file preprocess='to-pixdata'>assets/gnome-shell/corner-ripple-rtl.png</file>
		<file preprocess='to-pixdata'>assets/gnome-shell/dash-placeholder.svg</file>
		<file preprocess='to-pixdata'>assets/gnome-shell/filter-selected-ltr.svg</file>
		<file preprocess='to-pixdata'>assets/gnome-shell/filter-selected-rtl.svg</file>
		<file preprocess='to-pixdata'>assets/gnome-shell/logged-in-indicator.svg</file>
		<file preprocess='to-pixdata'>assets/gnome-shell/menu-arrow-symbolic.svg</file>
		<file preprocess='to-pixdata'>assets/gnome-shell/more-results.svg</file>
		<file preprocess='to-pixdata'>assets/gnome-shell/noise-texture.png</file>
		<file preprocess='to-pixdata'>assets/gnome-shell/page-indicator-active.svg</file>
		<file preprocess='to-pixdata'>assets/gnome-shell/page-indicator-checked.svg</file>
		<file preprocess='to-pixdata'>assets/gnome-shell/page-indicator-hover.svg</file>
		<file preprocess='to-pixdata'>assets/gnome-shell/page-indicator-inactive.svg</file>
		<file preprocess='to-pixdata'>assets/gnome-shell/process-working.svg</file>
		<file preprocess='to-pixdata'>assets/gnome-shell/running-indicator.svg</file>
		<file preprocess='to-pixdata'>assets/gnome-shell/source-button-border.svg</file>
		<file preprocess='to-pixdata'>assets/gnome-shell/toggle-off.png</file>
		<file preprocess='to-pixdata'>assets/gnome-shell/toggle-on.png</file>
		<file preprocess='to-pixdata'>assets/gnome-shell/ws-switch-arrow-down.png</file>
		<file preprocess='to-pixdata'>assets/gnome-shell/ws-switch-arrow-up.png</file>
		<file>cinnamon/cinnamon.css</file>
		<file>gnome-shell/gnome-shell.css</file>
		<file>gtk-3.0/gtk.css</file>
		<file>gtk-3.0/gtk-dark.css</file>
		<file>gtk-3.20/gtk.css</file>
		<file>gtk-3.20/gtk-dark.css</file>
	</gresource>
</gresources>
