{
    "app-id" : "com.antergos.Lembrame",
    "runtime" : "org.gnome.Platform",
    "runtime-version" : "3.24",
    "branch" : "stable",
    "sdk" : "org.gnome.Sdk",
    "command" : "/app/bin/com.antergos.Lembrame",
    "finish-args" : [
        "--share=ipc",
        "--socket=x11",
        "--socket=wayland",
        "--share=network",
        "--filesystem=xdg-run/dconf",
        "--filesystem=~/.config/dconf:ro",
        "--talk-name=ca.desrt.dconf",
        "--env=DCONF_USER_CONFIG_DIR=.config/dconf"
    ],
    "cleanup" : [
        "/include",
        "/lib/pkgconfig",
        "/share/pkgconfig",
        "/share/aclocal",
        "/man",
        "/share/man",
        "/share/gtk-doc",
        "/share/vala",
        "*.la",
        "*.a"
    ],
    "modules" : [
        {
            "name" : "antergos-lembrame",
            "sources" : [
                {
                    "type" : "git",
                    "url" : "https://bitbucket.org/faidoc/antergos-lembrame"
                }
            ]
        }
    ],
    "build-options" : {
        "env" : {
        }
    }
}
