<?xml version="1.0" encoding="UTF-8"?>
<!DOCTYPE wallpapers SYSTEM "gnome-wp-list.dtd">
<wallpapers>
	<wallpaper>
    <name>As time goes by</name>
    <filename>/usr/share/antergos/wallpapers/as_time_goes_by____by_moskanon-d5dgvt8.jpg</filename>
    <options>zoom</options>
    <pcolor>#ffffff</pcolor>
    <scolor>#ffffff</scolor>
    <shade_type>solid</shade_type>
  </wallpaper>

  <wallpaper>
    <name>Early Morning</name>
    <filename>/usr/share/antergos/wallpapers/early_morning_by_kylekc.jpg</filename>
    <options>zoom</options>
    <pcolor>#ffffff</pcolor>
    <scolor>#ffffff</scolor>
    <shade_type>solid</shade_type>
</wallpaper>

    <wallpaper>
    <name>Blue</name>
    <filename>/usr/share/antergos/wallpapers/Blue_by_ElSlunko.jpg</filename>
    <options>zoom</options>
    <pcolor>#ffffff</pcolor>
    <scolor>#ffffff</scolor>
    <shade_type>solid</shade_type>
</wallpaper>

    <wallpaper>
    <name>Humble</name>
    <filename>/usr/share/antergos/wallpapers/humble_by_splendidofsun-d5g47hb.jpg</filename>
    <options>zoom</options>
    <pcolor>#ffffff</pcolor>
    <scolor>#ffffff</scolor>
    <shade_type>solid</shade_type>
  </wallpaper>

    <wallpaper>
    <name>83II</name>
    <filename>/usr/share/antergos/wallpapers/83II_by_bo0xVn.jpg</filename>
    <options>zoom</options>
    <pcolor>#ffffff</pcolor>
    <scolor>#ffffff</scolor>
    <shade_type>solid</shade_type>
  </wallpaper>

    <wallpaper>
    <name>Nikon d40test</name>
    <filename>/usr/share/antergos/wallpapers/nikon_d40.jpg</filename>
    <options>zoom</options>
    <pcolor>#ffffff</pcolor>
    <scolor>#ffffff</scolor>
    <shade_type>solid</shade_type>
  </wallpaper>

    <wallpaper>
    <name>The world inside my lens</name>
    <filename>/usr/share/antergos/wallpapers/the_world_inside_my_lens__by_moskanon-d5fsiqs.jpg</filename>
    <options>zoom</options>
    <pcolor>#ffffff</pcolor>
    <scolor>#ffffff</scolor>
    <shade_type>solid</shade_type>
  </wallpaper>

  <wallpaper>
    <name>Grass blur</name>
    <filename>/usr/share/antergos/wallpapers/Grass_Fullscreen.jpg</filename>
    <options>zoom</options>
    <pcolor>#ffffff</pcolor>
    <scolor>#ffffff</scolor>
    <shade_type>solid</shade_type>
  </wallpaper>

  <wallpaper>
    <name>Grass</name>
    <filename>/usr/share/antergos/wallpapers/Grass_by_masha_darkelf666.jpg</filename>
    <options>zoom</options>
    <pcolor>#ffffff</pcolor>
    <scolor>#ffffff</scolor>
    <shade_type>solid</shade_type>
  </wallpaper>

  <wallpaper>
    <name>In the grass</name>
    <filename>/usr/share/antergos/wallpapers/In_the_Grass.jpg</filename>
    <options>zoom</options>
    <pcolor>#ffffff</pcolor>
    <scolor>#ffffff</scolor>
    <shade_type>solid</shade_type>
  </wallpaper>

  <wallpaper>
    <name>Nautilus</name>
    <filename>/usr/share/antergos/wallpapers/Nautilus_Fullscreen.jpg</filename>
    <options>zoom</options>
    <pcolor>#ffffff</pcolor>
    <scolor>#ffffff</scolor>
    <shade_type>solid</shade_type>
  </wallpaper>

  <wallpaper>
    <name>Autumn Hike</name>
    <filename>/usr/share/antergos/wallpapers/autumn_hike___plant_details_by_aoiban-d5l7y83.jpg</filename>
    <options>zoom</options>
    <pcolor>#ffffff</pcolor>
    <scolor>#ffffff</scolor>
    <shade_type>solid</shade_type>
  </wallpaper>

  <wallpaper>
    <name>Blossom</name>
    <filename>/usr/share/antergos/wallpapers/blossom_by_snipes2.jpg</filename>
    <options>zoom</options>
    <pcolor>#ffffff</pcolor>
    <scolor>#ffffff</scolor>
    <shade_type>solid</shade_type>
  </wallpaper>

  <wallpaper>
    <name>Extinction</name>
    <filename>/usr/share/antergos/wallpapers/extinction_by_signcropstealer-d5j4y84.jpg</filename>
    <options>zoom</options>
    <pcolor>#ffffff</pcolor>
    <scolor>#ffffff</scolor>
    <shade_type>solid</shade_type>
  </wallpaper>

  <wallpaper>
    <name>Field</name>
    <filename>/usr/share/antergos/wallpapers/field_by_stevenfields-d59ap2i.jpg</filename>
    <options>zoom</options>
    <pcolor>#ffffff</pcolor>
    <scolor>#ffffff</scolor>
    <shade_type>solid</shade_type>
  </wallpaper>

  <wallpaper>
    <name>Morning light</name>
    <filename>/usr/share/antergos/wallpapers/morning_light.jpg</filename>
    <options>zoom</options>
    <pcolor>#ffffff</pcolor>
    <scolor>#ffffff</scolor>
    <shade_type>solid</shade_type>
  </wallpaper>

  <wallpaper>
    <name>Solely</name>
    <filename>/usr/share/antergos/wallpapers/solely_by_stevenfields.jpg</filename>
    <options>zoom</options>
    <pcolor>#ffffff</pcolor>
    <scolor>#ffffff</scolor>
    <shade_type>solid</shade_type>
  </wallpaper>

  <wallpaper>
    <name>Spiky Drop</name>
    <filename>/usr/share/antergos/wallpapers/spiky_drop_by_jstainthorpeimages-d5l8ehm.jpg</filename>
    <options>zoom</options>
    <pcolor>#ffffff</pcolor>
    <scolor>#ffffff</scolor>
    <shade_type>solid</shade_type>
  </wallpaper>

  <wallpaper>
    <name>antergos Wallpaper</name>
    <filename>/usr/share/antergos/wallpapers/antergos-wallpaper.png</filename>
    <options>zoom</options>
    <pcolor>#ffffff</pcolor>
    <scolor>#ffffff</scolor>
    <shade_type>solid</shade_type>
  </wallpaper>

  <wallpaper>
    <name>Um pouco de cinza</name>
    <filename>/usr/share/antergos/wallpapers/um_pouco_de_cinza_by_Mara.jpg</filename>
    <options>zoom</options>
    <pcolor>#ffffff</pcolor>
    <scolor>#ffffff</scolor>
    <shade_type>solid</shade_type>
  </wallpaper>

  <wallpaper>
    <name>White line</name>
    <filename>/usr/share/antergos/wallpapers/white_line_by_snipes2.jpg</filename>
    <options>zoom</options>
    <pcolor>#ffffff</pcolor>
    <scolor>#ffffff</scolor>
    <shade_type>solid</shade_type>
  </wallpaper>
  
  <wallpaper>
    <name>Pacific Night</name>
    <filename>/usr/share/antergos/wallpapers/c65sk3mshowxrtlljbvh.jpg</filename>
    <options>zoom</options>
    <pcolor>#ffffff</pcolor>
    <scolor>#ffffff</scolor>
    <shade_type>solid</shade_type>
  </wallpaper>
  
  <wallpaper>
    <name>Sky Full of Stars</name>
    <filename>/usr/share/antergos/wallpapers/sky_full_of_stars.jpg</filename>
    <options>zoom</options>
    <pcolor>#ffffff</pcolor>
    <scolor>#ffffff</scolor>
    <shade_type>solid</shade_type>
  </wallpaper>
 
</wallpapers>