<?xml version="1.0" encoding="UTF-8"?>
<cnchi>
    <editions>
        <edition name="common" description="Packages common to all DE and base">
            <packages>
                <pkgname>acpid</pkgname>
                <pkgname>alsa-utils</pkgname>
                <pkgname>antergos-keyring</pkgname>
                <pkgname>antergos-mirrorlist</pkgname>
                <pkgname>antergos-midnight-timers</pkgname>
                <pkgname>b43-fwcutter</pkgname>
                <!-- Group -->
                <pkgname>base</pkgname>
                <!-- Group -->
                <pkgname>base-devel</pkgname>
                <pkgname>bash-completion</pkgname>
                <pkgname>bind-tools</pkgname>
                <pkgname>crda</pkgname>
                <pkgname>cryfs</pkgname>
                <pkgname>dosfstools</pkgname>
                <pkgname>haveged</pkgname>
                <pkgname>htop</pkgname>
                <pkgname>gzip</pkgname>
                <pkgname>intel-ucode</pkgname>
                <pkgname>ipw2100-fw</pkgname>
                <pkgname>ipw2200-fw</pkgname>
                <pkgname>mlocate</pkgname>
                <pkgname>modemmanager</pkgname>
                <pkgname>net-tools</pkgname>
                <pkgname>networkmanager</pkgname>
                <pkgname>ntfs-3g</pkgname>
                <pkgname>openssh</pkgname>
                <pkgname>pkgfile</pkgname>
                <pkgname>reflector</pkgname>
                <pkgname>screenfetch</pkgname>
                <pkgname>sudo</pkgname>
                <pkgname>terminus-font</pkgname>
                <pkgname>tar</pkgname>
                <pkgname>unzip</pkgname>
                <pkgname>unrar</pkgname>
                <pkgname>usb_modeswitch</pkgname>
                <pkgname>wget</pkgname>
                <pkgname>whois</pkgname>
                <pkgname>wireless_tools</pkgname>
            </packages>
        </edition>

        <edition name="graphic" description="Common to all graphic desktops">
            <packages>
                <pkgname>antergos-alpm-hooks</pkgname>
                <pkgname>accountsservice</pkgname>
                <pkgname>antergos-wallpapers</pkgname>
                <pkgname>antergos-desktop-settings</pkgname>
                <pkgname>cdrtools</pkgname>
                <pkgname>dconf-editor</pkgname> 
                <pkgname>ffmpegthumbnailer</pkgname>
                <pkgname>gst-libav</pkgname>
                <pkgname>gst-plugins-bad</pkgname>
                <pkgname>gst-plugins-base</pkgname>
                <pkgname>gst-plugins-good</pkgname>
                <pkgname>gst-plugins-ugly</pkgname>
                <pkgname>gstreamer-vaapi</pkgname>
                <pkgname>libdvdcss</pkgname>
                <pkgname>lightdm</pkgname>
                <pkgname>lightdm-webkit2-greeter</pkgname>
                <pkgname>light-locker</pkgname>
                <pkgname>light-locker-settings</pkgname>
                <pkgname>mesa</pkgname>
                <pkgname>mesa-vdpau</pkgname>
                <pkgname>numix-frost-themes</pkgname>
                <pkgname>numix-icon-theme</pkgname>
                <pkgname>numix-icon-theme-square</pkgname>
                <pkgname>pavucontrol</pkgname>
                <pkgname>pulseaudio</pkgname>
                <pkgname>pulseaudio-alsa</pkgname>
                <pkgname>pulseaudio-bluetooth</pkgname>
                <pkgname>ttf-bitstream-vera</pkgname>
                <pkgname>ttf-dejavu</pkgname>
                <pkgname>ttf-liberation</pkgname>
                <pkgname>upower</pkgname>
                <pkgname>xf86-input-libinput</pkgname>
                <pkgname>xf86-video-fbdev</pkgname>
                <pkgname>xf86-video-vesa</pkgname>
                <pkgname>xorg-bdftopcf</pkgname>
                <pkgname>xorg-iceauth</pkgname>
                <pkgname>xorg-luit</pkgname>
                <pkgname>xorg-mkfontscale</pkgname>
                <pkgname>xorg-sessreg</pkgname>
                <pkgname>xorg-setxkbmap</pkgname>
                <pkgname>xorg-smproxy</pkgname>
                <pkgname>xorg-x11perf</pkgname>
                <pkgname>xorg-xauth</pkgname>
                <pkgname>xorg-xbacklight</pkgname>
                <pkgname>xorg-xcmsdb</pkgname>
                <pkgname>xorg-xcursorgen</pkgname>
                <pkgname>xorg-xdpyinfo</pkgname>
                <pkgname>xorg-xdriinfo</pkgname>
                <pkgname>xorg-xev</pkgname>
                <pkgname>xorg-xgamma</pkgname>
                <pkgname>xorg-xhost</pkgname>
                <pkgname>xorg-xinput</pkgname>
                <pkgname>xorg-xkbcomp</pkgname>
                <pkgname>xorg-xkbevd</pkgname>
                <pkgname>xorg-xkbutils</pkgname>
                <pkgname>xorg-xkill</pkgname>
                <pkgname>xorg-xlsatoms</pkgname>
                <pkgname>xorg-xlsclients</pkgname>
                <pkgname>xorg-xmodmap</pkgname>
                <pkgname>xorg-xpr</pkgname>
                <pkgname>xorg-xprop</pkgname>
                <pkgname>xorg-xrandr</pkgname>
                <pkgname>xorg-xrdb</pkgname>
                <pkgname>xorg-xrefresh</pkgname>
                <pkgname>xorg-xset</pkgname>
                <pkgname>xorg-xsetroot</pkgname>
                <pkgname>xorg-xvinfo</pkgname>
                <pkgname>xorg-xwd</pkgname>
                <pkgname>xorg-xwininfo</pkgname>
                <pkgname>xorg-xwud</pkgname>
                <pkgname>xorg-font-util</pkgname>
                <pkgname>xorg-fonts-encodings</pkgname>
                <pkgname>xorg-server</pkgname>
                <pkgname>xorg-xinit</pkgname>
                <pkgname>xorg-xkill</pkgname>
            </packages>
        </edition>

        <edition name="base" description="Without X">
            <packages>
                <pkgname>cabextract</pkgname>
                <pkgname>bzip2</pkgname>
                <pkgname>dialog</pkgname>
                <pkgname>rsync</pkgname>
                <pkgname>sharutils</pkgname>
                <pkgname>uudeview</pkgname>
                <pkgname>xz</pkgname>
                <pkgname>zip</pkgname>
            </packages>
        </edition>

        <edition name="Gnome" description="Gnome Desktop">
            <packages>
                <pkgname>antergos-gnome-defaults-list</pkgname>
                <pkgname>baobab</pkgname>
                <pkgname>brasero</pkgname>
                <pkgname>evince</pkgname>
                <pkgname>eog</pkgname>
                <pkgname>file-roller</pkgname>
                <pkgname>gedit</pkgname>
                <pkgname>gnome-backgrounds</pkgname>
                <pkgname>gnome-calculator</pkgname>
                <pkgname>gnome-calendar</pkgname>
                <pkgname>gnome-contacts</pkgname>
                <pkgname>gnome-control-center</pkgname>
                <pkgname>gnome-documents</pkgname>
                <pkgname>gnome-disk-utility</pkgname>
                <pkgname>gnome-font-viewer</pkgname>
                <pkgname>gnome-keyring</pkgname>
                <pkgname>gnome-logs</pkgname>
                <pkgname>gnome-maps</pkgname>
                <pkgname>gnome-music</pkgname>
                <pkgname>gnome-photos</pkgname>
                <pkgname>gnome-screenshot</pkgname>
                <pkgname>gnome-shell</pkgname>
                <pkgname>gnome-shell-extensions</pkgname>
                <pkgname>gnome-shell-extension-dash-to-dock</pkgname>
                <pkgname>gnome-shell-extension-status-menu-buttons</pkgname>
                <pkgname>gnome-sound-recorder</pkgname>
                <pkgname>gnome-system-monitor</pkgname>
                <pkgname>gnome-terminal</pkgname>
                <pkgname>gnome-themes-extra</pkgname>
                <pkgname>gnome-tweaks</pkgname>
                <pkgname>gnome-weather</pkgname>
                <pkgname>gvfs-gphoto2</pkgname>
                <pkgname>gvfs-google</pkgname>
                <pkgname>gvfs-mtp</pkgname>
                <pkgname>gvfs-smb</pkgname>
                <pkgname>hicolor-icon-theme</pkgname>
                <pkgname>libgnome-keyring</pkgname>
                <pkgname>nautilus</pkgname>
                <pkgname>network-manager-applet</pkgname>
                <pkgname>networkmanager-openvpn</pkgname>
                <pkgname>networkmanager-pptp</pkgname>
                <pkgname>pamac</pkgname>
                <pkgname>polari</pkgname>
                <pkgname>python-pysmbc</pkgname>
                <pkgname>qt5ct</pkgname>
                <pkgname>seahorse</pkgname>
                <pkgname>totem</pkgname>
                <pkgname>transmission-gtk</pkgname>
                <pkgname>xdg-user-dirs-gtk</pkgname>
                <pkgname>xscreensaver</pkgname>
            </packages>
        </edition>

        <edition name="Cinnamon" description="Cinnamon desktop">
            <packages>
                <pkgname>antergos-gnome-defaults-list</pkgname>
                <pkgname>baobab</pkgname>
                <pkgname>brasero</pkgname>
                <pkgname>cinnamon</pkgname>
                <pkgname>cinnamon-control-center</pkgname>
                <pkgname>cinnamon-desktop</pkgname>
                <pkgname>cinnamon-menus</pkgname>
                <pkgname>cinnamon-session</pkgname>
                <pkgname>cinnamon-settings-daemon</pkgname>
                <pkgname>cinnamon-screensaver</pkgname>
                <pkgname>cinnamon-translations</pkgname>
                <pkgname>cjs</pkgname>
                <pkgname>eog</pkgname>
                <pkgname>evince</pkgname>
                <pkgname>file-roller</pkgname>
                <pkgname>gedit</pkgname>
                <pkgname>gnome-calculator</pkgname>
                <pkgname>gnome-common</pkgname>
                <pkgname>gnome-disk-utility</pkgname>
                <pkgname>gnome-font-viewer</pkgname>
                <pkgname>gnome-keyring</pkgname>
                <pkgname>gnome-music</pkgname>
                <pkgname>gnome-photos</pkgname>
                <pkgname>gnome-screenshot</pkgname>
                <pkgname>gnome-system-monitor</pkgname>
                <pkgname>gnome-terminal</pkgname>
                <pkgname>gvfs-google</pkgname>
                <pkgname>gvfs-mtp</pkgname>
                <pkgname>gvfs-smb</pkgname>
                <pkgname>hicolor-icon-theme</pkgname>
                <pkgname>libgnome-keyring</pkgname>
                <pkgname>muffin</pkgname>
                <pkgname>nemo</pkgname>
                <pkgname>nemo-fileroller</pkgname>
                <pkgname>nemo-preview</pkgname>
                <pkgname>nemo-share</pkgname>
                <pkgname>network-manager-applet</pkgname>
                <pkgname>networkmanager-openvpn</pkgname>
                <pkgname>networkmanager-pptp</pkgname>
                <pkgname>pamac</pkgname>
                <pkgname>python-pysmbc</pkgname>
                <pkgname>qt5ct</pkgname>
                <pkgname>totem</pkgname>
                <pkgname>transmission-gtk</pkgname>
                <pkgname>xdg-user-dirs-gtk</pkgname>
                <pkgname>zuki-themes</pkgname>
            </packages>
        </edition>

        <edition name="XFCE" description="XFCE Desktop">
            <packages>
                <pkgname>catfish</pkgname>
                <pkgname>evince</pkgname>
                <pkgname>file-roller</pkgname>
                <!-- <pkgname>gamin</pkgname> -->
                <pkgname>gnome-calculator</pkgname>
                <pkgname>gnome-disk-utility</pkgname>
                <pkgname>gnome-keyring</pkgname>
                <pkgname>gnome-screensaver</pkgname>
                <pkgname>gtk-engine-murrine</pkgname>
                <pkgname>gvfs-google</pkgname>
                <pkgname>gvfs-mtp</pkgname>
                <pkgname>mousepad</pkgname>
                <pkgname>network-manager-applet</pkgname>
                <pkgname>networkmanager-openvpn</pkgname>
                <pkgname>networkmanager-pptp</pkgname>
                <pkgname>pamac</pkgname>
                <pkgname>parole</pkgname>
                <pkgname>python-pysmbc</pkgname>
                <pkgname>polkit-gnome</pkgname>
                <pkgname>pragha</pkgname>
                <pkgname>qt5ct</pkgname>
                <pkgname>ristretto</pkgname>
                <pkgname>thunar</pkgname>
                <pkgname>thunar-archive-plugin</pkgname>
                <pkgname>thunar-volman</pkgname>
                <pkgname>transmission-gtk</pkgname>
                <pkgname>tumbler</pkgname>
                <pkgname>xdg-user-dirs-gtk</pkgname>
                <pkgname>exo</pkgname>
                <pkgname>garcon</pkgname>
                <pkgname>gtk-xfce-engine</pkgname>
                <pkgname>xcursor-breeze</pkgname>
                <pkgname>xfce4-appfinder</pkgname>
                <pkgname>xfce4-panel</pkgname>
                <pkgname>xfce4-power-manager</pkgname>
                <pkgname>xfce4-session</pkgname>
                <pkgname>xfce4-settings</pkgname>
                <pkgname>xfce4-terminal</pkgname>
                <pkgname>xfconf</pkgname>
                <pkgname>xfdesktop</pkgname>
                <pkgname>xfwm4</pkgname>
                <pkgname>xfwm4-themes</pkgname>
                <pkgname>xfburn</pkgname>
                <pkgname>xfce4-battery-plugin</pkgname>
                <pkgname>xfce4-datetime-plugin</pkgname>
                <pkgname>xfce4-notifyd</pkgname>
                <pkgname>xfce4-pulseaudio-plugin</pkgname>
                <pkgname>xfce4-screenshooter</pkgname>
                <pkgname>xfce4-taskmanager</pkgname>
                <pkgname>xfce4-whiskermenu-plugin</pkgname>
            </packages>
        </edition>

        <edition name="Mate" description="MATE Desktop">
            <packages>
                <pkgname>atril</pkgname>
                <pkgname>brisk-menu</pkgname>
                <pkgname>caja</pkgname>
                <pkgname>caja-gksu</pkgname>
                <pkgname>caja-open-terminal</pkgname>
                <pkgname>engrampa</pkgname>
                <pkgname>eom</pkgname>
                <pkgname>gnome-keyring</pkgname>
                <pkgname>gvfs-google</pkgname>
                <pkgname>gvfs-mtp</pkgname>
                <pkgname>gvfs-smb</pkgname>
                <pkgname>libmatekbd</pkgname>
                <pkgname>libmatemixer</pkgname>
                <pkgname>marco</pkgname>
                <pkgname>mate-applets</pkgname>
                <pkgname>mate-media</pkgname>
                <pkgname>mate-mint-menu</pkgname>
                <pkgname>mate-power-manager</pkgname>
                <pkgname>mate-screensaver</pkgname>
                <pkgname>mate-backgrounds</pkgname>
                <pkgname>mate-control-center</pkgname>
                <pkgname>mate-desktop</pkgname>
                <pkgname>mate-menus</pkgname>
                <pkgname>mate-notification-daemon</pkgname>
                <pkgname>mate-panel</pkgname>
                <pkgname>mate-session-manager</pkgname>
                <pkgname>mate-settings-daemon</pkgname>
                <pkgname>mate-themes</pkgname>
                <pkgname>mate-user-guide</pkgname>
                <pkgname>mate-icon-theme</pkgname>
                <pkgname>mate-polkit</pkgname>
                <pkgname>mate-system-monitor</pkgname>
                <pkgname>mate-terminal</pkgname>
                <pkgname>mate-utils</pkgname>
                <pkgname>mozo</pkgname>
                <pkgname>network-manager-applet</pkgname>
                <pkgname>networkmanager-openvpn</pkgname>
                <pkgname>networkmanager-pptp</pkgname>
                <pkgname>pamac</pkgname>
                <pkgname>pluma</pkgname>
                <pkgname>pragha</pkgname>
                <pkgname>python-pysmbc</pkgname>
                <pkgname>totem</pkgname>
                <pkgname>transmission-gtk</pkgname>
                <pkgname>xdg-user-dirs-gtk</pkgname>
                <pkgname>xfburn</pkgname>
            </packages>
        </edition>

        <edition name="openbox" description="Openbox Window Manager">
            <packages>
                <pkgname>arandr</pkgname>
                <pkgname>conky</pkgname>
                <pkgname>conky-manager</pkgname>
                <pkgname>file-roller</pkgname>
                <pkgname>galculator</pkgname>
                <pkgname>gmrun</pkgname>
                <pkgname>gnome-disk-utility</pkgname>
                <pkgname>gnome-mplayer</pkgname>
                <pkgname>gpicview</pkgname>
                <pkgname>gsimplecal</pkgname>
                <pkgname>gvfs-google</pkgname>
                <pkgname>gvfs-mtp</pkgname>
                <pkgname>gvfs-smb</pkgname>
                <pkgname>kalu</pkgname>
                <pkgname>lxappearance-obconf-gtk3</pkgname>
                <pkgname>lxinput-gtk3</pkgname>
                <pkgname>lxmenu-data</pkgname>
                <pkgname>lxtask-gtk3</pkgname>
                <pkgname>lxsession</pkgname>
                <pkgname>lxterminal</pkgname>
                <pkgname>mousepad</pkgname>
                <pkgname>nitrogen</pkgname>
                <pkgname>network-manager-applet</pkgname>
                <pkgname>networkmanager-openvpn</pkgname>
                <pkgname>networkmanager-pptp</pkgname>
                <pkgname>notify-osd</pkgname>
                <pkgname>obconf</pkgname>
                <pkgname>obkey</pkgname>
                <pkgname>oblogout</pkgname>
                <pkgname>oblogout-numix-theme</pkgname>
                <pkgname>obmenu</pkgname>
                <pkgname>openbox</pkgname>
                <pkgname>openbox-menu</pkgname>
                <pkgname>parcellite</pkgname>
                <pkgname>pcmanfm</pkgname>
                <pkgname>plank</pkgname>
                <pkgname>plank-theme-numix</pkgname>
                <pkgname>polkit-gnome</pkgname>
                <pkgname>pragha</pkgname>
                <pkgname>python-pysmbc</pkgname>
                <pkgname>python2-xdg</pkgname>
                <pkgname>qt5ct</pkgname>
                <pkgname>scrot</pkgname>
                <pkgname>tint2</pkgname>
                <pkgname>transmission-gtk</pkgname>
                <pkgname>udiskie</pkgname>
                <pkgname>volumeicon</pkgname>
                <pkgname>waldorf-ui-theme</pkgname>
                <pkgname>xdg-user-dirs-gtk</pkgname>
                <pkgname>xfburn</pkgname>
            </packages>
        </edition>

        <edition name="KDE" description="KDE Desktop">
            <packages>
                <pkgname>ark</pkgname>
                <pkgname>aspell-en</pkgname>
                <pkgname>breeze</pkgname>
                <pkgname>breeze-gtk</pkgname>
                <pkgname>cdrdao</pkgname>
                <!--<pkgname>clementine</pkgname>-->
                <pkgname>dolphin</pkgname>
                <pkgname>dolphin-plugins</pkgname>
                <pkgname>dvd+rw-tools</pkgname>
                <pkgname>ffmpegthumbs</pkgname>
                <pkgname>gwenview</pkgname>
                <pkgname>k3b</pkgname>
                <pkgname>kate</pkgname>
                <pkgname>kcalc</pkgname>
                <pkgname>kdeconnect</pkgname>
                <pkgname>kdegraphics-thumbnailers</pkgname>
                <pkgname>kde-gtk-config</pkgname>
                <pkgname>kdelibs4support</pkgname>
                <pkgname>kopete</pkgname>
                <pkgname>kde-servicemenus-rootactions</pkgname>
                <!--<pkgname>kdesudo</pkgname>-->
                <pkgname>sweeper</pkgname>
                <pkgname>kdialog</pkgname>
                <pkgname>kfaenza-icon-theme</pkgname>
                <pkgname>kfind</pkgname>
                <pkgname>khelpcenter</pkgname>
                <pkgname>kinfocenter</pkgname>
                <pkgname>kipi-plugins</pkgname>
                <pkgname>kmenuedit</pkgname>
                <pkgname>konsole</pkgname>
                <pkgname>kscreen</pkgname>
                <pkgname>ksshaskpass</pkgname>
                <pkgname>ksysguard</pkgname>
                <pkgname>kwalletmanager</pkgname>
                <pkgname>kwallet-pam</pkgname>
                <pkgname>kwayland-integration</pkgname>
                <pkgname>kwin</pkgname>
                <pkgname>kwrited</pkgname>
                <pkgname>milou</pkgname>
                <pkgname>nm-connection-editor</pkgname>
                <pkgname>numix-frost-themes</pkgname>
                <pkgname>numix-icon-theme-square</pkgname>
                <pkgname>okular</pkgname>
                <pkgname>oxygen</pkgname>
                <pkgname>pamac-tray-appindicator</pkgname>
                <pkgname>plasma-desktop</pkgname>
                <pkgname>plasma-nm</pkgname>
                <pkgname>plasma-pa</pkgname>
                <pkgname>plasma-workspace</pkgname>
                <pkgname>plasma-workspace-wallpapers</pkgname>
                <pkgname>powerdevil</pkgname>
                <pkgname>qtcurve-gtk2</pkgname>
                <pkgname>qtcurve-kde</pkgname>
                <pkgname>qtcurve-utils</pkgname>
                <pkgname>spectacle</pkgname>
                <pkgname>systemsettings</pkgname>
                <pkgname>transmission-qt</pkgname>
                <pkgname>user-manager</pkgname>
                <pkgname>vlc</pkgname>
                <pkgname>xdg-user-dirs</pkgname>
            </packages>
        </edition>

        <edition name="Deepin" description="Deepin Desktop">
            <packages>
                <pkgname>antergos-wallpapers-deepin</pkgname>
                <pkgname>adwaita-icon-theme</pkgname>
                <pkgname>brasero</pkgname>
                <pkgname>deepin-account-faces</pkgname>
                <pkgname>deepin-api</pkgname>
                <pkgname>deepin-desktop-schemas</pkgname>
                <pkgname>deepin-boot-maker</pkgname>
                <pkgname>deepin-calendar</pkgname>
                <pkgname>deepin-clone</pkgname>
                <pkgname>deepin-control-center</pkgname>
                <pkgname>deepin-daemon</pkgname>
                <pkgname>deepin-desktop-base</pkgname>
                <pkgname>deepin-desktop-schemas</pkgname>
                <pkgname>deepin-dock</pkgname>
                <pkgname>deepin-file-manager</pkgname>
                <pkgname>deepin-gtk-theme</pkgname>
                <pkgname>deepin-image-viewer</pkgname>
                <pkgname>deepin-launcher</pkgname>
                <pkgname>deepin-manual</pkgname>
                <pkgname>deepin-menu</pkgname>
                <pkgname>deepin-movie</pkgname>
                <pkgname>deepin-music</pkgname>
                <pkgname>deepin-picker</pkgname>
                <pkgname>deepin-qt5dxcb-plugin</pkgname>
                <pkgname>deepin-qt5integration</pkgname>
                <pkgname>deepin-screen-recorder</pkgname>
                <pkgname>deepin-screenshot</pkgname>
                <pkgname>deepin-session-ui</pkgname>
                <pkgname>deepin-shortcut-viewer</pkgname>
                <pkgname>deepin-sound-theme</pkgname>
                <pkgname>deepin-system-monitor</pkgname>
                <pkgname>deepin-terminal</pkgname>
                <pkgname>deepin-voice-recorder</pkgname>
                <pkgname>deepin-wallpapers</pkgname>
                <pkgname>startdde</pkgname>
                <pkgname>deepin-cogl</pkgname>
                <pkgname>deepin-mutter</pkgname>
                <pkgname>deepin-polkit-agent</pkgname>
                <pkgname>dtkwm</pkgname>
                <pkgname>gedit</pkgname>
                <pkgname>gnome-calculator</pkgname>
                <pkgname>gnome-disk-utility</pkgname>
                <pkgname>gnome-font-viewer</pkgname>
                <pkgname>gnome-software</pkgname>
                <pkgname>gtk-theme-paper</pkgname>
                <pkgname>gtk-theme-adapta</pkgname>
                <pkgname>network-manager-applet</pkgname>
                <pkgname>networkmanager-openvpn</pkgname>
                <pkgname>noto-fonts</pkgname>
                <pkgname>noto-fonts-cjk</pkgname>
                <pkgname>noto-fonts-emoji</pkgname>
                <pkgname>pamac</pkgname>
                <pkgname>unicode-character-database</pkgname>
                <pkgname>xdg-desktop-portal-gtk</pkgname>
            </packages>
        </edition>

        <!-- EXPERIMENTAL EDITIONS -->

        <edition name="lxqt" description="LXQT Desktop">
            <packages>
                <pkgname>kalu</pkgname>
                <pkgname>lxqt-about</pkgname>
                <pkgname>lxqt-config</pkgname>
                <pkgname>lxqt-notificationd</pkgname>
                <pkgname>lxqt-openssh-askpass</pkgname>
                <pkgname>lxqt-panel</pkgname>
                <pkgname>lxqt-policykit</pkgname>
                <pkgname>lxqt-powermanagement</pkgname>
                <pkgname>lxqt-qtplugin</pkgname>
                <pkgname>lxqt-runner</pkgname>
                <pkgname>lxqt-session</pkgname>
                <pkgname>openbox</pkgname>
                <pkgname>pcmanfm-qt</pkgname>
            </packages>
        </edition>

        <edition name="Enlightenment" description="Enlightenment Desktop">
            <packages>
                <pkgname>ark</pkgname>
                <pkgname>enlightenment</pkgname>
                <pkgname>connman</pkgname>
                <pkgname>econnman</pkgname>
                <pkgname>kalu</pkgname>
                <pkgname>qt5ct</pkgname>
                <pkgname>rage</pkgname>
                <pkgname>terminology</pkgname>
                <pkgname>ttf-dejavu</pkgname>
                <pkgname>ttf-bitstream-vera</pkgname>
                <pkgname>udisks2</pkgname>
                <pkgname>xdg-user-dirs-gtk</pkgname>
                <pkgname>vlc</pkgname>
            </packages>
        </edition>

        <edition name="Budgie" description="Solus desktop">
            <packages>
                <pkgname>antergos-gnome-defaults-list</pkgname>
                <pkgname>baobab</pkgname>
                <pkgname>brasero</pkgname>
                <pkgname>budgie-desktop</pkgname>
                <pkgname>evince</pkgname>
                <pkgname>eog</pkgname>
                <pkgname>file-roller</pkgname>
                <pkgname>gedit</pkgname>
                <pkgname>gnome-backgrounds</pkgname>
                <pkgname>gnome-calculator</pkgname>
                <pkgname>gnome-calendar</pkgname>
                <pkgname>gnome-contacts</pkgname>
                <pkgname>gnome-control-center</pkgname>
                <pkgname>gnome-documents</pkgname>
                <pkgname>gnome-disk-utility</pkgname>
                <pkgname>gnome-font-viewer</pkgname>
                <pkgname>gnome-keyring</pkgname>
                <pkgname>gnome-logs</pkgname>
                <pkgname>gnome-maps</pkgname>
                <pkgname>gnome-music</pkgname>
                <pkgname>gnome-photos</pkgname>
                <pkgname>gnome-screenshot</pkgname>
                <pkgname>gnome-shell</pkgname>
                <pkgname>gnome-shell-extensions</pkgname>
                <pkgname>gnome-shell-extension-dash-to-dock</pkgname>
                <pkgname>gnome-shell-extension-status-menu-buttons</pkgname>
                <pkgname>gnome-sound-recorder</pkgname>
                <pkgname>gnome-system-monitor</pkgname>
                <pkgname>gnome-terminal</pkgname>
                <pkgname>gnome-tweaks</pkgname>
                <pkgname>gnome-weather</pkgname>
                <pkgname>gvfs-google</pkgname>
                <pkgname>gvfs-mtp</pkgname>
                <pkgname>gvfs-smb</pkgname>
                <pkgname>hicolor-icon-theme</pkgname>
                <pkgname>libgnome-keyring</pkgname>
                <pkgname>nautilus</pkgname>
                <pkgname>network-manager-applet</pkgname>
                <pkgname>networkmanager-openvpn</pkgname>
                <pkgname>networkmanager-pptp</pkgname>
                <pkgname>pamac</pkgname>
                <pkgname>polari</pkgname>
                <pkgname>python-pysmbc</pkgname>
                <pkgname>qt5ct</pkgname>
                <pkgname>seahorse</pkgname>
                <pkgname>totem</pkgname>
                <pkgname>transmission-gtk</pkgname>
                <pkgname>xdg-user-dirs-gtk</pkgname>
                <pkgname>xscreensaver</pkgname>
            </packages>
        </edition>

        <edition name="i3" description="Tiling window manager">
            <packages>
                <pkgname>arandr</pkgname>
                <pkgname>awesome-terminal-fonts</pkgname>
                <pkgname>dmenu</pkgname>
                <pkgname>file-roller</pkgname>
                <pkgname>galculator</pkgname>
                <pkgname>gpicview</pkgname>
                <pkgname>gvfs-google</pkgname>
                <pkgname>gvfs-gphoto2</pkgname>
                <pkgname>gvfs-mtp</pkgname>
                <pkgname>gvfs-smb</pkgname>
                <pkgname>i3-wm</pkgname>
                <pkgname>i3lock</pkgname>
                <pkgname>i3status</pkgname>
                <pkgname>kalu</pkgname>
                <pkgname>lxappearance-gtk3</pkgname>
                <pkgname>lxinput-gtk3</pkgname>
                <pkgname>moc</pkgname>
                <pkgname>mpv</pkgname>
                <pkgname>network-manager-applet</pkgname>
                <pkgname>networkmanager-openvpn</pkgname>
                <pkgname>networkmanager-pptp</pkgname>
                <pkgname>nitrogen</pkgname>
                <pkgname>notify-osd</pkgname>
                <pkgname>pcmanfm</pkgname>
                <pkgname>polkit-gnome</pkgname>
                <pkgname>python-pysmbc</pkgname>
                <pkgname>scrot</pkgname>
                <pkgname>termite</pkgname>
                <pkgname>udiskie</pkgname>
                <pkgname>volumeicon</pkgname>
                <pkgname>xdg-user-dirs-gtk</pkgname>
                <pkgname>xfburn</pkgname>
                <pkgname>xscreensaver</pkgname>
            </packages>
        </edition>
    </editions>

    <!-- User desired features -->
    <features>
        <feature name="a11y">
            <pkgname>alsa-utils</pkgname>
            <pkgname>bluez</pkgname>
            <pkgname>bluez-libs</pkgname>
            <pkgname>brltty</pkgname>
            <pkgname>clonezilla</pkgname>
            <pkgname>darkhttpd</pkgname>
            <pkgname>ddrescue</pkgname>
            <pkgname>dhclient</pkgname>
            <pkgname>dnsmasq</pkgname>
            <pkgname>elinks</pkgname>
            <pkgname>espeak</pkgname>
            <pkgname>espeakup</pkgname>
            <pkgname>ethtool</pkgname>
            <pkgname>gnu-netcat</pkgname>
            <pkgname>gpm</pkgname>
            <pkgname>irssi</pkgname>
            <pkgname>lftp</pkgname>
            <pkgname>mc</pkgname>
            <pkgname>orca</pkgname>
            <pkgname>python2-speechd</pkgname>
            <pkgname>vim</pkgname>
        </feature>
        <feature name="aur">
            <pkgname>yay</pkgname>
            <pkgname>bzr</pkgname>
            <pkgname>cmake</pkgname>
            <pkgname>git</pkgname>
        </feature>
        <feature name="energy">
            <pkgname>tlp</pkgname>
        </feature>
        <feature name="bluetooth">
            <pkgname>bluez</pkgname>
            <pkgname>bluez-utils</pkgname>
            <pkgname>pulseaudio-bluetooth</pkgname>
            <pkgname desktops='cinnamon,mate,openbox'>blueberry</pkgname>
            <pkgname desktops='kde,lxqt'>bluedevil</pkgname>
            <pkgname desktops='gnome'>gnome-bluetooth</pkgname>
        </feature>
        <feature name="cups">
            <pkgname>cups</pkgname>
            <pkgname>cups-pk-helper</pkgname>
            <!--<pkgname>foomatic-db-nonfree</pkgname>-->
            <pkgname>gsfonts</pkgname>
            <!--<pkgname lib='gtk'>gtk3-print-backends</pkgname>-->
            <!--<pkgname>gutenprint</pkgname>-->
            <pkgname>hplip</pkgname>
            <pkgname lib='qt'>print-manager</pkgname>
            <pkgname lib='gtk'>system-config-printer</pkgname>
            <pkgname lib='gtk'>python2-gnomekeyring</pkgname>
            <pkgname>splix</pkgname>
            <!-- These two are required by hp-setup -->
            <pkgname>python-pyqt5</pkgname>
            <pkgname>python-gobject</pkgname>
        </feature>
        <feature name="chromium">
            <pkgname>chromium</pkgname>
        </feature>
        <feature name="firefox">
            <pkgname>firefox</pkgname>
        </feature>
        <feature name="firewall">
            <pkgname>gufw</pkgname>
            <pkgname>ufw</pkgname>
        </feature>
        <feature name="flash">
            <pkgname>pepper-flash</pkgname>
            <pkgname>flashplugin</pkgname>
        </feature>
        <feature name="games">
            <pkgname>steam-native-runtime</pkgname>
            <pkgname>steam</pkgname>
            <pkgname>playonlinux</pkgname>
            <pkgname arch="x86_64">lib32-libldap</pkgname>
        </feature>
        <feature name="lamp">
            <pkgname>apache</pkgname>
            <pkgname>php</pkgname>
            <pkgname>php-apache</pkgname>
            <pkgname>mariadb</pkgname>
            <pkgname>phpmyadmin</pkgname>
        </feature>
        <feature name="lemp">
            <pkgname>nginx</pkgname>
            <pkgname>php-fpm</pkgname>
            <pkgname>mariadb</pkgname>
            <pkgname>phpmyadmin</pkgname>
        </feature>
        <feature name="lts">
            <pkgname>linux-lts</pkgname>
            <pkgname>linux-lts-headers</pkgname>
        </feature>
        <feature name="office">
            <!-- There're now two libreoffice branches, fresh and still
            Fresh is a LibreOffice branch which contains new features and
            program enhancements while still is more stable and only gets
            bug fixes. -->
            <pkgname>libreoffice-fresh</pkgname>
        </feature>
        <feature name="sshd">
            <pkgname>openssh</pkgname>
        </feature>
        <feature name="visual">
            <pkgname>compton</pkgname>
            <pkgname>paranoid</pkgname>
        </feature>
        <feature name="vivaldi">
            <pkgname>vivaldi</pkgname>
        </feature>
        <feature name="opera">
            <pkgname>opera</pkgname>
        </feature>
    </features>

    <net>
        <broadcom>
            <pkgname>broadcom-wl</pkgname>
        </broadcom>
    </net>

    <filesystems>
        <pkgname>btrfs-progs</pkgname>
        <pkgname>cifs-utils</pkgname>
        <pkgname>dmraid</pkgname>
        <pkgname>dosfstools</pkgname>
        <pkgname>exfat-utils</pkgname>
        <pkgname>e2fsprogs</pkgname>
        <pkgname>f2fs-tools</pkgname>
        <pkgname>jfsutils</pkgname>
        <pkgname>nfs-utils</pkgname>
        <pkgname>nilfs-utils</pkgname>
        <pkgname>ntfs-3g</pkgname>
        <pkgname>reiserfsprogs</pkgname>
        <pkgname>xfsprogs</pkgname>
    </filesystems>

    <zfs>
        <pkgname>grub-zfs</pkgname>
        <pkgname>spl</pkgname>
        <pkgname>spl-utils</pkgname>
        <pkgname>zfs</pkgname>
        <pkgname>zfs-utils</pkgname>
    </zfs>

    <locale_fonts>
        <chinese>
            <pkgname>opendesktop-fonts</pkgname>
        </chinese>
    </locale_fonts>

    <bootloaders>
        <bootloader name="grub2">
            <pkgname>efibootmgr</pkgname>
            <pkgname>grub</pkgname>
            <pkgname>os-prober</pkgname>
            <pkgname>grub2-theme-antergos</pkgname>
        </bootloader>
        <bootloader name="systemd-boot">
            <!-- previously called gummiboot, now comes with systemd -->
            <pkgname>efibootmgr</pkgname>
        </bootloader>
        <bootloader name="refind">
            <pkgname>efibootmgr</pkgname>
            <pkgname>refind-efi</pkgname>
        </bootloader>
    </bootloaders>
</cnchi>
