<?xml version="1.0" encoding="UTF-8"?>
<!DOCTYPE wallpapers SYSTEM "gnome-wp-list.dtd">
<wallpapers>
<wallpaper>
<name>antdeepin logo blue dots</name>
<filename>/usr/share/wallpapers/deepin/antdeepin-logo-blue-dots.jpg</filename>
<options>zoom</options>
<pcolor>#ffffff</pcolor>
<scolor>#ffffff</scolor>
<shade_type>solid</shade_type>
</wallpaper>

<wallpaper>
<name>antdeepin logo blue flare</name>
<filename>/usr/share/wallpapers/deepin/antdeepin-logo-blue-flare.jpg</filename>
<options>zoom</options>
<pcolor>#ffffff</pcolor>
<scolor>#ffffff</scolor>
<shade_type>solid</shade_type>
</wallpaper>

<wallpaper>
<name>antdeepin logo blue stripes dark</name>
<filename>/usr/share/wallpapers/deepin/antdeepin-logo-blue-stripes-dark.jpg</filename>
<options>zoom</options>
<pcolor>#ffffff</pcolor>
<scolor>#ffffff</scolor>
<shade_type>solid</shade_type>
</wallpaper>

<wallpaper>
<name>antdeepin logo blue stripes</name>
<filename>/usr/share/wallpapers/deepin/antdeepin-logo-blue-stripes.jpg</filename>
<options>zoom</options>
<pcolor>#ffffff</pcolor>
<scolor>#ffffff</scolor>
<shade_type>solid</shade_type>
</wallpaper>

<wallpaper>
<name>antdeepin logo blue</name>
<filename>/usr/share/wallpapers/deepin/antdeepin-logo-blue.jpg</filename>
<options>zoom</options>
<pcolor>#ffffff</pcolor>
<scolor>#ffffff</scolor>
<shade_type>solid</shade_type>
</wallpaper>

<wallpaper>
<name>antdeepin logo box blue dots</name>
<filename>/usr/share/wallpapers/deepin/antdeepin-logo-box-blue-dots.jpg</filename>
<options>zoom</options>
<pcolor>#ffffff</pcolor>
<scolor>#ffffff</scolor>
<shade_type>solid</shade_type>
</wallpaper>

<wallpaper>
<name>antdeepin logo box gray dots</name>
<filename>/usr/share/wallpapers/deepin/antdeepin-logo-box-gray-dots.jpg</filename>
<options>zoom</options>
<pcolor>#ffffff</pcolor>
<scolor>#ffffff</scolor>
<shade_type>solid</shade_type>
</wallpaper>

<wallpaper>
<name>antdeepin logo gray dots</name>
<filename>/usr/share/wallpapers/deepin/antdeepin-logo-gray-dots.jpg</filename>
<options>zoom</options>
<pcolor>#ffffff</pcolor>
<scolor>#ffffff</scolor>
<shade_type>solid</shade_type>
</wallpaper>

<wallpaper>
<name>antdeepin logo gray</name>
<filename>/usr/share/wallpapers/deepin/antdeepin-logo-gray.jpg</filename>
<options>zoom</options>
<pcolor>#ffffff</pcolor>
<scolor>#ffffff</scolor>
<shade_type>solid</shade_type>
</wallpaper>

<wallpaper>
<name>antdeepin logo red stripes dark</name>
<filename>/usr/share/wallpapers/deepin/antdeepin-logo-red-stripes-dark.jpg</filename>
<options>zoom</options>
<pcolor>#ffffff</pcolor>
<scolor>#ffffff</scolor>
<shade_type>solid</shade_type>
</wallpaper>

<wallpaper>
<name>antdeepin logo red</name>
<filename>/usr/share/wallpapers/deepin/antdeepin-logo-red.jpg</filename>
<options>zoom</options>
<pcolor>#ffffff</pcolor>
<scolor>#ffffff</scolor>
<shade_type>solid</shade_type>
</wallpaper>

<wallpaper>
<name>antdeepin logo water</name>
<filename>/usr/share/wallpapers/deepin/antdeepin-logo-water.jpg</filename>
<options>zoom</options>
<pcolor>#ffffff</pcolor>
<scolor>#ffffff</scolor>
<shade_type>solid</shade_type>
</wallpaper>

<wallpaper>
<name>antdeepin logo white dots</name>
<filename>/usr/share/wallpapers/deepin/antdeepin-logo-white-dots.jpg</filename>
<options>zoom</options>
<pcolor>#ffffff</pcolor>
<scolor>#ffffff</scolor>
<shade_type>solid</shade_type>
</wallpaper>

<wallpaper>
<name>antdeepin logo yellow dots</name>
<filename>/usr/share/wallpapers/deepin/antdeepin-logo-yellow-dots.jpg</filename>
<options>zoom</options>
<pcolor>#ffffff</pcolor>
<scolor>#ffffff</scolor>
<shade_type>solid</shade_type>
</wallpaper>

<wallpaper>
<name>antdeepin sticker blue</name>
<filename>/usr/share/wallpapers/deepin/antdeepin-sticker-blue.jpg</filename>
<options>zoom</options>
<pcolor>#ffffff</pcolor>
<scolor>#ffffff</scolor>
<shade_type>solid</shade_type>
</wallpaper>

<wallpaper>
<name>antdeepin sticker line</name>
<filename>/usr/share/wallpapers/deepin/antdeepin-sticker-line.jpg</filename>
<options>zoom</options>
<pcolor>#ffffff</pcolor>
<scolor>#ffffff</scolor>
<shade_type>solid</shade_type>
</wallpaper>

<wallpaper>
<name>antdeepin sticker waves blue</name>
<filename>/usr/share/wallpapers/deepin/antdeepin-sticker-waves-blue.jpg</filename>
<options>zoom</options>
<pcolor>#ffffff</pcolor>
<scolor>#ffffff</scolor>
<shade_type>solid</shade_type>
</wallpaper>

<wallpaper>
<name>antdeepin sticker waves dark</name>
<filename>/usr/share/wallpapers/deepin/antdeepin-sticker-waves-dark.jpg</filename>
<options>zoom</options>
<pcolor>#ffffff</pcolor>
<scolor>#ffffff</scolor>
<shade_type>solid</shade_type>
</wallpaper>

<wallpaper>
<name>antdeepin sticker zone</name>
<filename>/usr/share/wallpapers/deepin/antdeepin-sticker-zone.jpg</filename>
<options>zoom</options>
<pcolor>#ffffff</pcolor>
<scolor>#ffffff</scolor>
<shade_type>solid</shade_type>
</wallpaper>

<wallpaper>
<name>antdeepin sticker</name>
<filename>/usr/share/wallpapers/deepin/antdeepin-sticker.png</filename>
<options>zoom</options>
<pcolor>#ffffff</pcolor>
<scolor>#ffffff</scolor>
<shade_type>solid</shade_type>
</wallpaper>

<wallpaper>
<name>antergos deepin logos black</name>
<filename>/usr/share/wallpapers/deepin/antergos-deepin-logos-black.jpg</filename>
<options>zoom</options>
<pcolor>#ffffff</pcolor>
<scolor>#ffffff</scolor>
<shade_type>solid</shade_type>
</wallpaper>

<wallpaper>
<name>antergos deepin logos blue</name>
<filename>/usr/share/wallpapers/deepin/antergos-deepin-logos-blue.jpg</filename>
<options>zoom</options>
<pcolor>#ffffff</pcolor>
<scolor>#ffffff</scolor>
<shade_type>solid</shade_type>
</wallpaper>

<wallpaper>
<name>antergos deepin logos bn</name>
<filename>/usr/share/wallpapers/deepin/antergos-deepin-logos-bn.jpg</filename>
<options>zoom</options>
<pcolor>#ffffff</pcolor>
<scolor>#ffffff</scolor>
<shade_type>solid</shade_type>
</wallpaper>

<wallpaper>
<name>antergos deepin logos dry bn</name>
<filename>/usr/share/wallpapers/deepin/antergos-deepin-logos-dry-bn.jpg</filename>
<options>zoom</options>
<pcolor>#ffffff</pcolor>
<scolor>#ffffff</scolor>
<shade_type>solid</shade_type>
</wallpaper>

<wallpaper>
<name>antergos deepin logos dry</name>
<filename>/usr/share/wallpapers/deepin/antergos-deepin-logos-dry.jpg</filename>
<options>zoom</options>
<pcolor>#ffffff</pcolor>
<scolor>#ffffff</scolor>
<shade_type>solid</shade_type>
</wallpaper>

</wallpapers>
