[
    {
        "subvariant": "live",
        "category": "product",
        "name": "Antergos Live Install Media",
        "summary": "Fully functional Live Antergos Environment",
        "icon": "qrc:/logos/antergos",
        "screenshots": [],
        "description": [
            "<p>",
            "The Live Install Image allows you to try a fully functional Antergos environment without making any changes to the current state of your system. When you are ready, you can create a permanent place for Antergos on your system using our GUI installer.",
            "</p>",
            "<ul><li>",
            "Our default install media.",
            "</li>",
            "<li>",
            "A fully functional GNOME Desktop Environment that runs directly from a USB drive and includes our GUI installer.",
            "</li>",
            "<li>",
            "Test drive Antergos without making any changes to your system.",
            "</li></ul>"
        ]
    },
    {
        "subvariant": "minimal",
        "category": "product",
        "name": "Antergos Minimal Install Media",
        "summary": "Installer only",
        "icon": "qrc:/logos/antergos",
        "screenshots": [],
        "description": [
            "<p>",
            "The Minimal Install Image includes only our GUI installer.",
            "</p>",
            "<ul><li>",
            "Smaller file size saves bandwidth and improves initial download time.",
            "</li>",
            "<li>",
            "Great option for slow connections.",
            "</li>",
            "<li>",
            "Best option for running the installer on less powerful hardware.",
            "</li></ul>"
        ]
    }
]
