<possible_events>
	<event id='1' creation="1370245872">
		<name>Changed package name</name>
		<description>The following package has changed its name, so we need to do some changes in your computer</description>
		<url_script>http://install.antergos.com/1.sh</url_script>
	</event>
	<event id='2' creation="1370686561">
		<name>Dummy package changed its name</name>
		<description>The following package has changed its name, so we need to do some modifications in your computer</description>
		<url_script>http://install.antergos.com/2.sh</url_script>
	</event>
</possible_events>