{
	"id": "nodebb-theme-antergos",
	"library": "./lib/theme.js",
	"hooks": [
		{
			"hook": "filter:widgets.getAreas",
			"method": "defineWidgetAreas",
			"callbacked": true
		},
		{
			"hook": "static:app.load",
			"method": "init"
		},
		{
			"hook": "static:app.preload",
			"method": "preinit"
		},
		{
			"hook": "filter:admin.header.build",
			"method": "addAdminNavigation"
		},
		{
			"hook": "filter:config.get",
			"method": "getConfig"
		},
		{
			"hook": "filter:parse.post",
			"method": "filter_post_content"
		},
		{
			"hook": "filter:teasers.get",
			"method": "filter_topic_teasers",
			"priority": 1
		}
	],
	"staticDirs": {
		"vendor": "static/vendor"
	},
	"scripts": [
		"static/lib/antergos.js"
	]
}